customer_id,age,income,credit_score,avg_monthly_spend,num_products_held,days_since_last_uptake,used_schemes
1,56,48138,793,14441.4,4,232,"['HomeLoan', 'SecureFD']"
2,69,112601,632,33780.3,3,404,"['HomeLoan', 'SecureFD']"
3,46,49956,426,14986.8,2,391,"['SecureFD', 'TravelCard']"
4,32,127268,300,38180.4,4,220,"['AutoLoan', 'TravelCard', 'SecureFD']"
5,60,124797,467,37439.1,1,271,"['SecureFD', 'GoldCard', 'HomeLoan']"
6,25,144917,318,43475.1,4,717,"['TravelCard', 'AutoLoan']"
7,38,146303,631,43890.9,4,182,"['SecureFD', 'GoldCard', 'TravelCard']"
8,56,96295,755,28888.5,2,667,"['HomeLoan', 'SecureFD']"
9,36,25439,408,7631.7,2,492,"['AutoLoan', 'GoldCard']"
10,40,67241,567,20172.3,1,222,"['SecureFD', 'GoldCard']"
11,28,62533,744,18759.9,2,308,['GoldCard']
12,28,48270,539,14481.0,3,379,"['AutoLoan', 'HomeLoan', 'SecureFD']"
13,41,98815,600,29644.5,2,112,"['TravelCard', 'GoldCard']"
14,53,59279,402,17783.7,2,127,"['TravelCard', 'HomeLoan', 'GoldCard']"
15,57,129787,549,38936.1,2,355,['TravelCard']
16,41,43888,752,13166.4,3,492,"['GoldCard', 'AutoLoan']"
17,20,37630,819,11289.0,2,340,"['GoldCard', 'TravelCard', 'SecureFD']"
18,39,81063,452,24318.9,2,250,"['AutoLoan', 'SecureFD']"
19,19,138527,473,41558.1,3,270,"['SecureFD', 'HomeLoan']"
20,41,143239,642,42971.7,1,713,"['GoldCard', 'TravelCard']"
21,61,147896,730,44368.8,2,69,"['AutoLoan', 'TravelCard']"
22,47,55144,623,16543.2,4,358,"['TravelCard', 'GoldCard', 'AutoLoan']"
23,55,72161,719,21648.3,4,563,"['GoldCard', 'HomeLoan']"
24,19,116718,784,35015.4,3,443,"['SecureFD', 'HomeLoan']"
25,38,145873,711,43761.9,3,428,"['SecureFD', 'TravelCard']"
26,50,111074,383,33322.2,4,654,['TravelCard']
27,29,97360,412,29208.0,4,53,"['HomeLoan', 'SecureFD']"
28,39,70979,631,21293.7,3,616,['SecureFD']
29,61,117661,677,35298.3,4,588,['TravelCard']
30,42,26979,340,8093.7,4,154,"['AutoLoan', 'HomeLoan']"
31,66,46189,404,13856.7,3,141,"['TravelCard', 'AutoLoan', 'GoldCard']"
32,44,62600,501,18780.0,1,449,"['TravelCard', 'HomeLoan', 'GoldCard']"
33,59,79560,749,23868.0,1,175,['SecureFD']
34,45,98040,565,29412.0,3,118,"['TravelCard', 'SecureFD']"
35,33,143257,509,42977.1,1,422,"['HomeLoan', 'GoldCard']"
36,32,81558,417,24467.4,2,248,['TravelCard']
37,64,106205,676,31861.5,3,417,"['HomeLoan', 'AutoLoan']"
38,68,26910,839,8073.0,2,536,"['AutoLoan', 'SecureFD', 'GoldCard']"
39,61,77713,383,23313.9,4,595,"['SecureFD', 'AutoLoan', 'GoldCard']"
40,69,66857,753,20057.1,3,492,"['TravelCard', 'AutoLoan']"
41,20,54964,813,16489.2,2,556,"['TravelCard', 'SecureFD']"
42,54,105667,686,31700.1,3,642,"['SecureFD', 'HomeLoan']"
43,68,45227,649,13568.1,1,566,"['SecureFD', 'TravelCard']"
44,24,25978,595,7793.4,1,352,"['AutoLoan', 'TravelCard', 'HomeLoan']"
45,38,107527,557,32258.1,1,194,['AutoLoan']
46,26,37153,380,11145.9,3,129,"['AutoLoan', 'SecureFD']"
47,56,79765,567,23929.5,2,177,"['TravelCard', 'HomeLoan', 'GoldCard']"
48,35,119084,718,35725.2,4,523,['TravelCard']
49,21,128212,534,38463.6,3,555,"['TravelCard', 'HomeLoan']"
50,42,59071,610,17721.3,3,151,['GoldCard']
51,31,132990,656,39897.0,2,456,"['GoldCard', 'SecureFD']"
52,67,89519,512,26855.7,4,48,"['SecureFD', 'AutoLoan', 'GoldCard']"
53,26,29503,348,8850.9,1,714,"['GoldCard', 'SecureFD', 'HomeLoan']"
54,43,80703,426,24210.9,2,727,"['GoldCard', 'AutoLoan', 'HomeLoan']"
55,19,84379,522,25313.7,3,677,"['HomeLoan', 'GoldCard', 'AutoLoan']"
56,37,115457,578,34637.1,2,699,"['GoldCard', 'AutoLoan', 'HomeLoan']"
57,45,77866,707,23359.8,1,613,"['GoldCard', 'SecureFD', 'HomeLoan']"
58,64,36905,804,11071.5,2,607,"['GoldCard', 'AutoLoan']"
59,24,65838,593,19751.4,1,475,"['GoldCard', 'SecureFD', 'AutoLoan']"
60,61,145200,576,43560.0,4,222,['HomeLoan']
61,25,78279,737,23483.7,1,635,['AutoLoan']
62,64,109489,406,32846.7,4,556,['HomeLoan']
63,52,46806,719,14041.8,4,71,['AutoLoan']
64,31,65000,728,19500.0,4,384,"['GoldCard', 'AutoLoan']"
65,34,42168,674,12650.4,1,648,['HomeLoan']
66,53,90119,372,27035.7,2,220,['HomeLoan']
67,67,58714,329,17614.2,4,232,['AutoLoan']
68,57,74093,487,22227.9,1,520,"['TravelCard', 'HomeLoan']"
69,21,75419,663,22625.7,4,271,['GoldCard']
70,19,69145,750,20743.5,2,48,['SecureFD']
71,23,125432,494,37629.6,3,141,['AutoLoan']
72,59,97425,455,29227.5,3,130,['AutoLoan']
73,21,112949,471,33884.7,3,539,['HomeLoan']
74,46,97811,340,29343.3,2,467,['SecureFD']
75,35,22461,362,6738.3,1,605,"['HomeLoan', 'AutoLoan']"
76,43,34291,322,10287.3,2,358,"['SecureFD', 'TravelCard', 'HomeLoan']"
77,61,66804,659,20041.2,2,682,"['AutoLoan', 'HomeLoan', 'TravelCard']"
78,51,96971,374,29091.3,2,672,"['AutoLoan', 'SecureFD']"
79,27,113471,417,34041.3,4,353,"['GoldCard', 'TravelCard']"
80,53,84946,679,25483.8,3,556,['AutoLoan']
81,31,118989,589,35696.7,2,362,['SecureFD']
82,48,104080,739,31224.0,3,338,"['AutoLoan', 'TravelCard']"
83,65,141719,306,42515.7,3,670,"['HomeLoan', 'GoldCard', 'TravelCard']"
84,32,81332,495,24399.6,4,292,['HomeLoan']
85,25,97794,720,29338.2,2,438,['TravelCard']
86,31,50841,492,15252.3,4,89,"['TravelCard', 'HomeLoan', 'GoldCard']"
87,40,144447,447,43334.1,3,217,"['SecureFD', 'GoldCard', 'TravelCard']"
88,57,140029,501,42008.7,4,258,"['GoldCard', 'HomeLoan', 'AutoLoan']"
89,38,68758,743,20627.4,2,659,"['HomeLoan', 'AutoLoan']"
90,33,134726,718,40417.8,1,678,"['TravelCard', 'AutoLoan', 'HomeLoan']"
91,62,96272,726,28881.6,2,607,"['HomeLoan', 'TravelCard', 'AutoLoan']"
92,35,57643,778,17292.9,4,231,['HomeLoan']
93,64,70408,774,21122.4,4,149,['TravelCard']
94,41,63950,425,19185.0,2,515,"['TravelCard', 'HomeLoan']"
95,43,76849,694,23054.7,2,23,"['HomeLoan', 'SecureFD']"
96,42,120500,624,36150.0,1,344,"['TravelCard', 'AutoLoan']"
97,62,48044,691,14413.2,2,683,['TravelCard']
98,58,125469,739,37640.7,1,348,"['GoldCard', 'AutoLoan']"
99,46,145588,503,43676.4,3,50,"['SecureFD', 'HomeLoan', 'TravelCard']"
100,32,35997,785,10799.1,1,27,"['AutoLoan', 'SecureFD', 'HomeLoan']"
101,62,99751,330,29925.3,1,616,"['AutoLoan', 'GoldCard']"
102,18,118605,687,35581.5,1,491,"['TravelCard', 'GoldCard', 'AutoLoan']"
103,42,43911,733,13173.3,3,637,"['HomeLoan', 'SecureFD', 'GoldCard']"
104,24,75533,675,22659.9,2,631,"['SecureFD', 'TravelCard']"
105,26,102566,643,30769.8,4,13,['SecureFD']
106,41,114870,742,34461.0,1,517,"['SecureFD', 'GoldCard', 'HomeLoan']"
107,18,34571,374,10371.3,1,693,['HomeLoan']
108,61,128255,454,38476.5,1,318,"['GoldCard', 'HomeLoan', 'TravelCard']"
109,25,149226,729,44767.8,2,206,"['GoldCard', 'AutoLoan']"
110,41,114463,662,34338.9,4,206,"['GoldCard', 'TravelCard', 'HomeLoan']"
111,28,77941,747,23382.3,1,350,['HomeLoan']
112,68,78005,533,23401.5,2,619,"['SecureFD', 'TravelCard']"
113,34,106250,561,31875.0,1,614,"['HomeLoan', 'SecureFD', 'TravelCard']"
114,25,78712,424,23613.6,1,208,['AutoLoan']
115,52,63541,544,19062.3,1,172,"['AutoLoan', 'TravelCard']"
116,52,43387,841,13016.1,2,171,"['HomeLoan', 'AutoLoan', 'GoldCard']"
117,50,113980,784,34194.0,2,49,"['SecureFD', 'GoldCard']"
118,22,68908,421,20672.4,3,83,['TravelCard']
119,59,105457,424,31637.1,3,51,['HomeLoan']
120,56,33057,848,9917.1,1,476,"['SecureFD', 'GoldCard', 'HomeLoan']"
121,58,84028,469,25208.4,3,645,"['AutoLoan', 'HomeLoan']"
122,45,130804,423,39241.2,1,440,['AutoLoan']
123,24,139246,334,41773.8,3,313,['TravelCard']
124,26,75731,386,22719.3,3,210,"['SecureFD', 'TravelCard']"
125,25,44858,500,13457.4,1,708,['HomeLoan']
126,29,68689,668,20606.7,2,154,['GoldCard']
127,51,64638,376,19391.4,1,67,"['TravelCard', 'SecureFD', 'GoldCard']"
128,50,111598,358,33479.4,4,609,"['GoldCard', 'HomeLoan']"
129,65,122386,730,36715.8,2,523,['GoldCard']
130,40,66486,799,19945.8,2,375,"['GoldCard', 'HomeLoan', 'TravelCard']"
131,41,40567,408,12170.1,2,270,['HomeLoan']
132,54,49739,577,14921.7,3,272,"['HomeLoan', 'SecureFD']"
133,52,77804,367,23341.2,1,42,"['HomeLoan', 'GoldCard']"
134,61,128821,368,38646.3,2,310,"['AutoLoan', 'HomeLoan', 'SecureFD']"
135,57,23754,464,7126.2,1,279,['SecureFD']
136,39,47044,788,14113.2,1,465,"['HomeLoan', 'SecureFD', 'TravelCard']"
137,44,87260,604,26178.0,3,188,"['GoldCard', 'SecureFD', 'AutoLoan']"
138,52,86912,664,26073.6,3,568,['TravelCard']
139,18,145623,678,43686.9,2,197,"['HomeLoan', 'GoldCard', 'SecureFD']"
140,52,28706,642,8611.8,2,657,"['TravelCard', 'GoldCard']"
141,54,28894,653,8668.2,3,295,"['AutoLoan', 'HomeLoan']"
142,64,38037,715,11411.1,4,431,"['SecureFD', 'HomeLoan']"
143,31,103986,408,31195.8,1,546,"['HomeLoan', 'AutoLoan']"
144,20,101942,796,30582.6,4,628,['TravelCard']
145,18,71612,640,21483.6,2,91,"['GoldCard', 'TravelCard']"
146,22,49725,682,14917.5,3,383,"['TravelCard', 'SecureFD']"
147,43,25926,832,7777.8,1,116,"['AutoLoan', 'TravelCard', 'GoldCard']"
148,31,124555,599,37366.5,3,681,"['SecureFD', 'HomeLoan']"
149,56,29496,438,8848.8,1,321,"['SecureFD', 'AutoLoan', 'TravelCard']"
150,44,76447,658,22934.1,3,607,"['HomeLoan', 'GoldCard']"
151,26,121604,798,36481.2,1,26,"['SecureFD', 'TravelCard', 'AutoLoan']"
152,32,49806,684,14941.8,3,81,"['HomeLoan', 'GoldCard', 'AutoLoan']"
153,32,108199,579,32459.7,4,484,"['AutoLoan', 'HomeLoan', 'GoldCard']"
154,43,61321,782,18396.3,2,494,"['TravelCard', 'SecureFD', 'HomeLoan']"
155,59,142041,410,42612.3,1,213,"['AutoLoan', 'GoldCard']"
156,30,122031,438,36609.3,3,304,['TravelCard']
157,68,85095,734,25528.5,1,497,"['AutoLoan', 'GoldCard', 'HomeLoan']"
158,49,42656,808,12796.8,2,492,"['SecureFD', 'HomeLoan', 'TravelCard']"
159,56,75147,572,22544.1,2,188,"['HomeLoan', 'AutoLoan', 'TravelCard']"
160,66,111396,398,33418.8,3,674,['HomeLoan']
161,69,69666,403,20899.8,1,721,"['SecureFD', 'HomeLoan', 'AutoLoan']"
162,49,102368,513,30710.4,1,36,"['TravelCard', 'AutoLoan']"
163,21,58787,464,17636.1,1,145,"['TravelCard', 'SecureFD', 'HomeLoan']"
164,47,133767,819,40130.1,4,172,"['TravelCard', 'GoldCard', 'HomeLoan']"
165,54,82946,583,24883.8,2,115,"['HomeLoan', 'AutoLoan']"
166,40,41727,816,12518.1,1,242,"['HomeLoan', 'AutoLoan', 'GoldCard']"
167,56,128351,463,38505.3,4,188,"['AutoLoan', 'HomeLoan', 'TravelCard']"
168,62,115081,363,34524.3,1,469,"['HomeLoan', 'GoldCard']"
169,32,142721,390,42816.3,4,297,['SecureFD']
170,60,130058,416,39017.4,4,121,['SecureFD']
171,46,88056,566,26416.8,3,685,"['TravelCard', 'GoldCard', 'HomeLoan']"
172,53,23081,439,6924.3,3,635,"['AutoLoan', 'SecureFD', 'GoldCard']"
173,30,54196,545,16258.8,3,702,['HomeLoan']
174,49,56735,694,17020.5,2,351,"['GoldCard', 'TravelCard', 'AutoLoan']"
175,24,124749,786,37424.7,1,121,['SecureFD']
176,68,100102,775,30030.6,4,684,['TravelCard']
177,39,99578,816,29873.4,1,416,"['GoldCard', 'AutoLoan', 'HomeLoan']"
178,45,45498,483,13649.4,4,15,['TravelCard']
179,19,96865,319,29059.5,4,273,['AutoLoan']
180,59,51656,823,15496.8,3,149,"['SecureFD', 'TravelCard', 'GoldCard']"
181,62,87695,828,26308.5,4,11,['SecureFD']
182,23,57900,446,17370.0,4,289,"['GoldCard', 'TravelCard', 'AutoLoan']"
183,45,148392,603,44517.6,1,271,"['TravelCard', 'GoldCard']"
184,45,137235,527,41170.5,1,246,"['TravelCard', 'HomeLoan', 'SecureFD']"
185,61,104899,401,31469.7,4,572,"['HomeLoan', 'AutoLoan', 'TravelCard']"
186,61,67701,716,20310.3,1,70,"['TravelCard', 'SecureFD']"
187,37,128777,515,38633.1,2,672,"['TravelCard', 'AutoLoan']"
188,47,39033,706,11709.9,4,659,"['TravelCard', 'HomeLoan']"
189,28,143193,698,42957.9,4,95,['SecureFD']
190,45,30805,798,9241.5,2,677,['AutoLoan']
191,42,55851,764,16755.3,3,406,['TravelCard']
192,56,46832,381,14049.6,2,189,['AutoLoan']
193,50,83437,664,25031.1,1,75,['GoldCard']
194,18,135725,462,40717.5,3,299,"['TravelCard', 'SecureFD']"
195,44,33944,347,10183.2,4,241,"['AutoLoan', 'GoldCard']"
196,69,39873,810,11961.9,4,254,"['GoldCard', 'SecureFD', 'AutoLoan']"
197,30,60372,628,18111.6,2,488,"['SecureFD', 'GoldCard']"
198,58,109464,415,32839.2,1,174,['AutoLoan']
199,20,35379,636,10613.7,1,689,"['GoldCard', 'HomeLoan']"
200,56,137322,446,41196.6,4,395,['GoldCard']
201,23,56751,622,17025.3,2,57,"['AutoLoan', 'SecureFD']"
202,25,120082,742,36024.6,2,129,['GoldCard']
203,44,109822,312,32946.6,1,677,"['SecureFD', 'AutoLoan', 'GoldCard']"
204,26,25110,793,7533.0,4,59,"['TravelCard', 'SecureFD', 'AutoLoan']"
205,54,74341,586,22302.3,4,235,['HomeLoan']
206,50,32087,413,9626.1,1,491,"['AutoLoan', 'TravelCard', 'GoldCard']"
207,68,43762,779,13128.6,3,171,"['GoldCard', 'TravelCard']"
208,59,135812,321,40743.6,2,458,"['TravelCard', 'HomeLoan', 'GoldCard']"
209,61,102617,648,30785.1,2,480,['HomeLoan']
210,41,120483,619,36144.9,2,187,['GoldCard']
211,32,29596,425,8878.8,4,257,"['SecureFD', 'HomeLoan', 'TravelCard']"
212,49,123555,576,37066.5,1,517,['AutoLoan']
213,49,127539,503,38261.7,2,344,['TravelCard']
214,41,38313,493,11493.9,3,343,['HomeLoan']
215,58,133175,846,39952.5,3,13,"['GoldCard', 'TravelCard']"
216,69,86549,585,25964.7,3,334,"['AutoLoan', 'TravelCard']"
217,66,134914,356,40474.2,1,530,['SecureFD']
218,66,43705,602,13111.5,4,615,['HomeLoan']
219,69,87364,462,26209.2,3,699,"['SecureFD', 'HomeLoan']"
220,29,93445,318,28033.5,4,84,"['AutoLoan', 'GoldCard', 'HomeLoan']"
221,56,123892,669,37167.6,3,271,"['AutoLoan', 'TravelCard', 'SecureFD']"
222,19,98645,563,29593.5,1,723,['AutoLoan']
223,20,22023,412,6606.9,3,162,"['GoldCard', 'AutoLoan']"
224,66,139654,787,41896.2,4,616,"['HomeLoan', 'TravelCard']"
225,54,79796,626,23938.8,2,45,"['TravelCard', 'GoldCard']"
226,66,100073,841,30021.9,1,457,"['SecureFD', 'AutoLoan', 'HomeLoan']"
227,34,112197,364,33659.1,1,17,"['TravelCard', 'AutoLoan']"
228,66,84429,591,25328.7,2,286,['TravelCard']
229,19,124195,324,37258.5,2,10,"['SecureFD', 'AutoLoan', 'TravelCard']"
230,19,81627,848,24488.1,3,134,"['TravelCard', 'SecureFD', 'AutoLoan']"
231,45,53848,300,16154.4,2,583,"['HomeLoan', 'SecureFD', 'GoldCard']"
232,40,57804,848,17341.2,4,679,"['GoldCard', 'AutoLoan']"
233,54,35379,440,10613.7,4,113,['SecureFD']
234,49,79664,487,23899.2,1,564,"['HomeLoan', 'TravelCard', 'AutoLoan']"
235,50,47766,427,14329.8,3,86,"['GoldCard', 'AutoLoan', 'HomeLoan']"
236,18,129126,500,38737.8,1,24,"['TravelCard', 'AutoLoan']"
237,36,88099,426,26429.7,2,30,"['HomeLoan', 'GoldCard', 'SecureFD']"
238,19,56060,556,16818.0,4,649,['TravelCard']
239,61,114733,846,34419.9,4,361,"['HomeLoan', 'GoldCard', 'TravelCard']"
240,43,89122,493,26736.6,1,557,"['SecureFD', 'TravelCard', 'HomeLoan']"
241,49,36087,403,10826.1,3,654,['GoldCard']
242,23,68868,834,20660.4,1,234,['SecureFD']
243,49,139119,564,41735.7,1,568,"['GoldCard', 'SecureFD', 'AutoLoan']"
244,21,43225,683,12967.5,3,668,"['GoldCard', 'HomeLoan']"
245,28,115286,559,34585.8,4,554,['SecureFD']
246,34,26643,713,7992.9,4,147,"['HomeLoan', 'AutoLoan', 'TravelCard']"
247,55,113059,657,33917.7,1,634,"['HomeLoan', 'AutoLoan', 'GoldCard']"
248,41,56727,374,17018.1,4,581,"['TravelCard', 'SecureFD']"
249,22,31005,654,9301.5,4,87,"['GoldCard', 'HomeLoan', 'SecureFD']"
250,69,129079,487,38723.7,3,416,"['TravelCard', 'AutoLoan']"
251,51,85697,589,25709.1,3,665,"['TravelCard', 'SecureFD']"
252,23,36029,344,10808.7,1,352,"['HomeLoan', 'AutoLoan', 'TravelCard']"
253,39,135281,382,40584.3,4,44,"['TravelCard', 'GoldCard']"
254,28,34226,422,10267.8,1,314,"['GoldCard', 'HomeLoan', 'TravelCard']"
255,65,83646,657,25093.8,2,643,"['TravelCard', 'SecureFD', 'GoldCard']"
256,33,80603,827,24180.9,4,707,['GoldCard']
257,50,48731,365,14619.3,2,370,"['AutoLoan', 'HomeLoan', 'GoldCard']"
258,26,129458,674,38837.4,3,431,"['AutoLoan', 'HomeLoan', 'GoldCard']"
259,23,130384,461,39115.2,4,518,"['SecureFD', 'GoldCard', 'TravelCard']"
260,33,88926,679,26677.8,4,688,"['HomeLoan', 'TravelCard']"
261,46,25997,657,7799.1,4,627,['GoldCard']
262,20,75506,487,22651.8,3,76,['SecureFD']
263,37,98229,621,29468.7,4,183,"['AutoLoan', 'HomeLoan', 'TravelCard']"
264,53,69815,749,20944.5,3,559,['HomeLoan']
265,36,62092,773,18627.6,2,697,"['HomeLoan', 'GoldCard']"
266,43,82539,312,24761.7,2,367,['SecureFD']
267,20,86077,483,25823.1,4,362,"['AutoLoan', 'HomeLoan', 'TravelCard']"
268,36,41817,410,12545.1,1,175,"['TravelCard', 'GoldCard']"
269,37,57861,807,17358.3,1,646,['HomeLoan']
270,49,33428,589,10028.4,2,203,"['HomeLoan', 'TravelCard', 'AutoLoan']"
271,24,63934,594,19180.2,3,73,"['AutoLoan', 'GoldCard', 'TravelCard']"
272,69,135555,750,40666.5,4,234,"['AutoLoan', 'SecureFD']"
273,58,134367,514,40310.1,4,330,"['TravelCard', 'SecureFD']"
274,50,30258,326,9077.4,3,25,"['SecureFD', 'AutoLoan']"
275,57,77775,530,23332.5,4,283,"['HomeLoan', 'SecureFD']"
276,56,101580,620,30474.0,4,619,"['AutoLoan', 'SecureFD', 'HomeLoan']"
277,35,114947,532,34484.1,4,216,"['AutoLoan', 'SecureFD', 'GoldCard']"
278,57,25469,736,7640.7,2,615,['TravelCard']
279,18,48854,832,14656.2,2,396,['TravelCard']
280,28,26256,702,7876.8,1,391,"['HomeLoan', 'SecureFD', 'AutoLoan']"
281,45,144086,352,43225.8,2,339,"['TravelCard', 'GoldCard']"
282,42,96256,612,28876.8,3,220,"['GoldCard', 'HomeLoan', 'AutoLoan']"
283,67,53937,580,16181.1,1,428,"['SecureFD', 'GoldCard', 'TravelCard']"
284,40,119134,330,35740.2,2,519,['AutoLoan']
285,48,21651,636,6495.3,1,68,"['GoldCard', 'TravelCard']"
286,47,70288,482,21086.4,4,115,"['GoldCard', 'SecureFD', 'TravelCard']"
287,59,104730,322,31419.0,3,443,"['HomeLoan', 'GoldCard', 'AutoLoan']"
288,52,45051,843,13515.3,3,230,['GoldCard']
289,24,47386,745,14215.8,3,196,"['SecureFD', 'AutoLoan', 'TravelCard']"
290,33,95054,373,28516.2,4,27,['AutoLoan']
291,43,131562,309,39468.6,4,486,['GoldCard']
292,65,36184,783,10855.2,1,702,"['SecureFD', 'AutoLoan']"
293,69,53787,755,16136.1,2,230,"['GoldCard', 'TravelCard']"
294,66,41621,459,12486.3,2,116,"['GoldCard', 'AutoLoan', 'TravelCard']"
295,19,95564,313,28669.2,4,168,['TravelCard']
296,18,97984,477,29395.2,4,126,"['HomeLoan', 'SecureFD', 'GoldCard']"
297,65,79792,711,23937.6,2,193,['TravelCard']
298,29,65253,352,19575.9,1,520,"['AutoLoan', 'GoldCard']"
299,22,54051,707,16215.3,4,702,"['GoldCard', 'AutoLoan']"
300,54,69811,321,20943.3,2,623,"['AutoLoan', 'TravelCard']"
301,49,50447,329,15134.1,3,325,"['SecureFD', 'TravelCard', 'GoldCard']"
302,26,148046,559,44413.8,4,480,['HomeLoan']
303,58,103930,504,31179.0,4,195,['GoldCard']
304,52,143278,358,42983.4,4,368,"['GoldCard', 'AutoLoan']"
305,36,120037,770,36011.1,2,578,"['GoldCard', 'SecureFD']"
306,65,50254,765,15076.2,3,470,['AutoLoan']
307,33,104045,311,31213.5,1,341,['SecureFD']
308,20,136859,589,41057.7,1,345,"['AutoLoan', 'HomeLoan']"
309,37,77418,653,23225.4,1,139,"['HomeLoan', 'GoldCard']"
310,41,134534,374,40360.2,1,571,"['HomeLoan', 'SecureFD', 'TravelCard']"
311,50,34472,740,10341.6,3,363,['AutoLoan']
312,41,131193,540,39357.9,3,654,"['AutoLoan', 'SecureFD', 'HomeLoan']"
313,69,23471,453,7041.3,4,546,"['SecureFD', 'HomeLoan']"
314,28,127332,395,38199.6,1,445,"['HomeLoan', 'GoldCard', 'TravelCard']"
315,66,140312,593,42093.6,1,423,"['AutoLoan', 'HomeLoan', 'GoldCard']"
316,25,143379,508,43013.7,1,184,"['GoldCard', 'SecureFD']"
317,53,115804,642,34741.2,3,12,['HomeLoan']
318,55,28329,387,8498.7,3,682,['GoldCard']
319,57,54865,689,16459.5,3,495,"['TravelCard', 'GoldCard', 'AutoLoan']"
320,37,66850,624,20055.0,1,359,['SecureFD']
321,52,74220,456,22266.0,2,660,"['SecureFD', 'TravelCard']"
322,65,132234,436,39670.2,4,127,"['GoldCard', 'AutoLoan']"
323,42,113808,727,34142.4,3,557,"['TravelCard', 'AutoLoan']"
324,52,128381,751,38514.3,2,103,"['SecureFD', 'TravelCard', 'HomeLoan']"
325,42,26397,440,7919.1,1,19,"['GoldCard', 'AutoLoan', 'HomeLoan']"
326,46,117909,382,35372.7,1,33,"['AutoLoan', 'HomeLoan', 'GoldCard']"
327,35,149004,476,44701.2,4,66,"['TravelCard', 'HomeLoan']"
328,63,55525,497,16657.5,3,696,"['HomeLoan', 'GoldCard', 'AutoLoan']"
329,35,73072,720,21921.6,3,517,"['GoldCard', 'AutoLoan']"
330,19,110106,700,33031.8,3,262,['HomeLoan']
331,52,103820,770,31146.0,4,685,"['TravelCard', 'SecureFD', 'GoldCard']"
332,33,104530,517,31359.0,4,644,"['TravelCard', 'AutoLoan', 'SecureFD']"
333,58,43284,474,12985.2,4,569,"['TravelCard', 'HomeLoan']"
334,53,81330,322,24399.0,1,417,"['GoldCard', 'SecureFD']"
335,50,103369,534,31010.7,4,632,"['SecureFD', 'GoldCard', 'TravelCard']"
336,21,45122,312,13536.6,2,245,['GoldCard']
337,50,90553,400,27165.9,3,720,"['HomeLoan', 'GoldCard', 'AutoLoan']"
338,31,101906,835,30571.8,4,656,"['GoldCard', 'TravelCard', 'SecureFD']"
339,38,114788,822,34436.4,2,68,"['HomeLoan', 'AutoLoan']"
340,65,82812,751,24843.6,3,386,"['AutoLoan', 'SecureFD']"
341,37,27999,730,8399.7,1,367,['SecureFD']
342,25,42436,832,12730.8,3,267,"['SecureFD', 'HomeLoan']"
343,24,62963,592,18888.9,1,66,"['HomeLoan', 'AutoLoan']"
344,20,22096,400,6628.8,4,490,"['HomeLoan', 'AutoLoan']"
345,34,149940,801,44982.0,1,309,['AutoLoan']
346,50,133737,603,40121.1,2,147,"['GoldCard', 'HomeLoan', 'AutoLoan']"
347,65,45279,839,13583.7,2,194,"['GoldCard', 'HomeLoan', 'SecureFD']"
348,29,141092,654,42327.6,3,593,['GoldCard']
349,68,128899,602,38669.7,3,274,['AutoLoan']
350,39,134245,795,40273.5,2,673,"['SecureFD', 'GoldCard']"
351,39,46201,526,13860.3,2,355,"['GoldCard', 'AutoLoan']"
352,63,39715,535,11914.5,2,522,['GoldCard']
353,47,49309,754,14792.7,3,152,"['HomeLoan', 'GoldCard', 'AutoLoan']"
354,55,35078,312,10523.4,1,254,"['GoldCard', 'HomeLoan', 'SecureFD']"
355,55,76614,509,22984.2,4,625,"['SecureFD', 'HomeLoan']"
356,62,25105,696,7531.5,2,194,['AutoLoan']
357,68,137666,399,41299.8,3,428,"['SecureFD', 'GoldCard']"
358,25,114848,330,34454.4,3,39,['AutoLoan']
359,44,22839,827,6851.7,1,595,['SecureFD']
360,44,88920,628,26676.0,3,50,['SecureFD']
361,51,63619,465,19085.7,2,179,"['HomeLoan', 'SecureFD', 'GoldCard']"
362,38,62821,758,18846.3,1,180,"['AutoLoan', 'TravelCard']"
363,47,145736,399,43720.8,3,63,['SecureFD']
364,50,33493,472,10047.9,1,50,"['SecureFD', 'HomeLoan']"
365,45,37069,461,11120.7,4,295,"['SecureFD', 'GoldCard']"
366,64,132443,562,39732.9,3,205,"['HomeLoan', 'SecureFD']"
367,50,27531,573,8259.3,1,555,"['TravelCard', 'SecureFD']"
368,22,57051,302,17115.3,1,225,['TravelCard']
369,65,27736,327,8320.8,3,153,['TravelCard']
370,36,27710,625,8313.0,2,114,"['GoldCard', 'AutoLoan', 'SecureFD']"
371,21,87155,448,26146.5,4,561,['TravelCard']
372,52,33975,839,10192.5,4,16,['SecureFD']
373,66,82424,787,24727.2,2,112,"['AutoLoan', 'HomeLoan']"
374,34,65603,737,19680.9,4,221,['SecureFD']
375,61,43252,364,12975.6,2,567,"['AutoLoan', 'TravelCard']"
376,45,100797,655,30239.1,3,298,"['HomeLoan', 'GoldCard']"
377,47,21431,832,6429.3,1,665,"['GoldCard', 'SecureFD']"
378,46,94603,551,28380.9,4,450,"['AutoLoan', 'HomeLoan', 'SecureFD']"
379,63,57481,534,17244.3,3,120,['TravelCard']
380,23,112573,526,33771.9,1,104,"['SecureFD', 'HomeLoan', 'TravelCard']"
381,52,29557,824,8867.1,3,408,"['GoldCard', 'AutoLoan', 'TravelCard']"
382,58,94971,612,28491.3,3,693,"['GoldCard', 'TravelCard']"
383,54,123302,348,36990.6,4,387,"['TravelCard', 'HomeLoan', 'GoldCard']"
384,41,20162,417,6048.6,1,147,"['TravelCard', 'AutoLoan']"
385,46,54742,353,16422.6,3,682,"['AutoLoan', 'HomeLoan']"
386,66,39675,343,11902.5,2,705,['GoldCard']
387,63,93997,352,28199.1,3,20,['TravelCard']
388,48,37015,824,11104.5,2,354,"['GoldCard', 'TravelCard']"
389,52,70057,401,21017.1,3,405,"['GoldCard', 'SecureFD']"
390,50,52591,697,15777.3,4,488,"['HomeLoan', 'SecureFD']"
391,69,113583,437,34074.9,4,299,"['AutoLoan', 'TravelCard']"
392,38,146133,686,43839.9,1,482,['SecureFD']
393,49,120318,410,36095.4,4,478,"['TravelCard', 'HomeLoan']"
394,40,29833,316,8949.9,3,496,"['AutoLoan', 'SecureFD']"
395,50,27896,481,8368.8,2,42,"['TravelCard', 'GoldCard', 'SecureFD']"
396,20,52972,835,15891.6,2,91,"['SecureFD', 'HomeLoan', 'GoldCard']"
397,35,69733,840,20919.9,3,154,"['SecureFD', 'GoldCard']"
398,42,140363,470,42108.9,2,262,"['AutoLoan', 'SecureFD']"
399,59,61800,708,18540.0,1,372,['SecureFD']
400,48,116044,677,34813.2,2,315,"['AutoLoan', 'SecureFD', 'HomeLoan']"
401,20,25347,487,7604.1,4,628,['TravelCard']
402,57,79063,529,23718.9,4,110,"['SecureFD', 'AutoLoan', 'HomeLoan']"
403,63,115850,418,34755.0,4,317,['SecureFD']
404,41,22643,455,6792.9,1,287,"['SecureFD', 'TravelCard', 'GoldCard']"
405,67,60785,764,18235.5,3,526,['SecureFD']
406,49,38681,403,11604.3,3,66,"['SecureFD', 'TravelCard', 'HomeLoan']"
407,64,70026,801,21007.8,4,574,['GoldCard']
408,39,123864,474,37159.2,2,492,"['TravelCard', 'AutoLoan']"
409,40,35892,720,10767.6,3,323,"['TravelCard', 'AutoLoan', 'SecureFD']"
410,19,67299,433,20189.7,2,595,"['HomeLoan', 'AutoLoan']"
411,44,37073,690,11121.9,1,324,['SecureFD']
412,59,122304,800,36691.2,2,309,['HomeLoan']
413,19,50682,332,15204.6,2,278,['GoldCard']
414,43,117798,354,35339.4,4,47,['SecureFD']
415,34,146021,818,43806.3,4,633,"['HomeLoan', 'AutoLoan']"
416,57,116894,311,35068.2,1,672,"['AutoLoan', 'GoldCard']"
417,50,144302,827,43290.6,2,556,['HomeLoan']
418,26,34289,672,10286.7,4,236,"['GoldCard', 'SecureFD']"
419,60,135359,783,40607.7,3,410,"['SecureFD', 'AutoLoan']"
420,65,27927,527,8378.1,4,481,"['HomeLoan', 'TravelCard']"
421,56,68330,606,20499.0,3,272,['GoldCard']
422,46,86707,756,26012.1,2,108,['TravelCard']
423,59,140279,459,42083.7,3,498,['SecureFD']
424,43,97454,630,29236.2,4,296,"['SecureFD', 'HomeLoan']"
425,52,127439,524,38231.7,3,640,['AutoLoan']
426,67,124646,803,37393.8,2,63,"['HomeLoan', 'SecureFD', 'GoldCard']"
427,42,85428,755,25628.4,2,33,"['AutoLoan', 'TravelCard', 'HomeLoan']"
428,41,70601,344,21180.3,1,501,"['GoldCard', 'SecureFD', 'HomeLoan']"
429,30,97465,513,29239.5,3,630,"['HomeLoan', 'AutoLoan']"
430,24,22539,358,6761.7,4,314,"['HomeLoan', 'AutoLoan', 'GoldCard']"
431,53,122263,494,36678.9,4,546,['GoldCard']
432,62,131487,788,39446.1,3,599,"['SecureFD', 'GoldCard']"
433,37,42669,456,12800.7,3,669,"['SecureFD', 'AutoLoan']"
434,18,90968,525,27290.4,4,438,['AutoLoan']
435,25,40644,711,12193.2,1,484,"['TravelCard', 'SecureFD']"
436,63,38745,504,11623.5,1,504,"['GoldCard', 'SecureFD', 'TravelCard']"
437,33,140852,378,42255.6,2,269,"['AutoLoan', 'SecureFD']"
438,31,148081,423,44424.3,2,334,"['AutoLoan', 'SecureFD', 'HomeLoan']"
439,29,48228,770,14468.4,1,454,"['GoldCard', 'AutoLoan']"
440,68,138358,517,41507.4,3,136,"['HomeLoan', 'AutoLoan']"
441,40,54521,815,16356.3,2,251,"['GoldCard', 'HomeLoan']"
442,32,142788,403,42836.4,3,414,"['GoldCard', 'TravelCard', 'SecureFD']"
443,45,117239,692,35171.7,4,118,['TravelCard']
444,51,46928,733,14078.4,3,27,"['TravelCard', 'SecureFD', 'GoldCard']"
445,19,38322,630,11496.6,1,581,"['GoldCard', 'TravelCard']"
446,49,77714,442,23314.2,2,496,['SecureFD']
447,40,107896,839,32368.8,4,85,['HomeLoan']
448,39,82292,577,24687.6,4,645,"['TravelCard', 'AutoLoan']"
449,68,49055,532,14716.5,2,304,['TravelCard']
450,42,62891,828,18867.3,4,623,"['GoldCard', 'TravelCard', 'SecureFD']"
451,39,101912,389,30573.6,3,415,['SecureFD']
452,39,26588,791,7976.4,3,256,"['SecureFD', 'HomeLoan']"
453,66,110536,498,33160.8,3,84,"['GoldCard', 'HomeLoan', 'AutoLoan']"
454,69,26304,661,7891.2,1,369,['HomeLoan']
455,59,27345,740,8203.5,3,252,['HomeLoan']
456,23,49300,325,14790.0,4,259,"['AutoLoan', 'TravelCard']"
457,32,44259,324,13277.7,2,658,"['TravelCard', 'AutoLoan']"
458,60,111006,693,33301.8,1,651,"['HomeLoan', 'GoldCard', 'AutoLoan']"
459,54,108553,806,32565.9,4,568,['GoldCard']
460,50,35352,600,10605.6,1,191,['SecureFD']
461,25,149350,638,44805.0,2,720,"['HomeLoan', 'GoldCard']"
462,61,53365,566,16009.5,1,22,"['SecureFD', 'AutoLoan', 'GoldCard']"
463,61,39446,760,11833.8,1,394,['GoldCard']
464,22,22336,755,6700.8,1,332,"['TravelCard', 'AutoLoan']"
465,56,82032,659,24609.6,4,308,"['TravelCard', 'GoldCard']"
466,21,95415,367,28624.5,2,663,"['AutoLoan', 'TravelCard']"
467,23,117852,711,35355.6,4,479,['HomeLoan']
468,62,118876,790,35662.8,1,206,['GoldCard']
469,49,27521,348,8256.3,1,340,['HomeLoan']
470,69,91707,401,27512.1,4,332,"['SecureFD', 'HomeLoan']"
471,47,43481,515,13044.3,3,528,['GoldCard']
472,64,38474,737,11542.2,2,551,"['SecureFD', 'GoldCard', 'TravelCard']"
473,52,66760,458,20028.0,4,644,"['SecureFD', 'AutoLoan']"
474,57,75718,788,22715.4,1,34,"['HomeLoan', 'SecureFD']"
475,69,64629,541,19388.7,1,15,"['HomeLoan', 'SecureFD', 'TravelCard']"
476,33,65232,304,19569.6,2,154,['AutoLoan']
477,30,106544,660,31963.2,2,61,"['TravelCard', 'GoldCard']"
478,67,87169,758,26150.7,3,635,"['GoldCard', 'SecureFD']"
479,59,147941,547,44382.3,2,446,"['TravelCard', 'AutoLoan']"
480,47,70669,721,21200.7,4,232,"['SecureFD', 'AutoLoan']"
481,36,98021,314,29406.3,3,349,"['HomeLoan', 'SecureFD']"
482,34,129153,421,38745.9,1,379,"['HomeLoan', 'TravelCard', 'AutoLoan']"
483,36,89184,576,26755.2,2,349,"['HomeLoan', 'AutoLoan', 'GoldCard']"
484,45,67945,752,20383.5,4,291,['AutoLoan']
485,43,33140,689,9942.0,3,262,['SecureFD']
486,54,146468,593,43940.4,4,468,['AutoLoan']
487,43,103457,745,31037.1,3,389,['GoldCard']
488,40,34357,509,10307.1,1,692,"['GoldCard', 'SecureFD', 'HomeLoan']"
489,26,131672,601,39501.6,2,277,['SecureFD']
490,29,88673,522,26601.9,4,137,"['HomeLoan', 'AutoLoan', 'GoldCard']"
491,18,141673,302,42501.9,3,276,"['HomeLoan', 'TravelCard', 'SecureFD']"
492,18,85633,817,25689.9,4,524,['TravelCard']
493,64,96943,392,29082.9,3,372,"['TravelCard', 'GoldCard']"
494,51,116111,819,34833.3,1,348,"['SecureFD', 'TravelCard', 'GoldCard']"
495,49,98258,727,29477.4,3,511,['AutoLoan']
496,65,32924,792,9877.2,4,87,"['GoldCard', 'AutoLoan']"
497,42,89286,534,26785.8,3,314,"['SecureFD', 'TravelCard']"
498,57,113269,460,33980.7,4,399,['TravelCard']
499,62,147563,630,44268.9,4,120,['HomeLoan']
500,18,94071,632,28221.3,2,303,"['TravelCard', 'HomeLoan']"
501,33,77326,349,23197.8,2,265,['AutoLoan']
502,56,110023,822,33006.9,4,323,"['HomeLoan', 'AutoLoan', 'GoldCard']"
503,22,140101,791,42030.3,1,271,"['AutoLoan', 'SecureFD']"
504,39,50651,571,15195.3,1,568,['TravelCard']
505,46,90202,551,27060.6,3,370,"['HomeLoan', 'SecureFD', 'AutoLoan']"
506,20,68777,389,20633.1,1,584,"['TravelCard', 'AutoLoan', 'GoldCard']"
507,29,36994,745,11098.2,1,696,"['GoldCard', 'HomeLoan']"
508,43,87263,631,26178.9,2,63,"['GoldCard', 'SecureFD']"
509,33,79634,438,23890.2,1,363,['HomeLoan']
510,68,120158,656,36047.4,3,388,"['AutoLoan', 'SecureFD']"
511,54,30800,573,9240.0,4,665,"['AutoLoan', 'TravelCard']"
512,39,57823,318,17346.9,1,269,"['SecureFD', 'AutoLoan']"
513,46,128575,610,38572.5,3,661,"['HomeLoan', 'GoldCard']"
514,31,83878,453,25163.4,1,154,"['AutoLoan', 'GoldCard', 'SecureFD']"
515,45,38708,689,11612.4,4,194,"['SecureFD', 'AutoLoan', 'HomeLoan']"
516,22,32819,559,9845.7,4,186,"['AutoLoan', 'HomeLoan', 'TravelCard']"
517,64,94905,424,28471.5,3,53,['TravelCard']
518,66,83870,653,25161.0,2,656,"['AutoLoan', 'SecureFD']"
519,47,29283,572,8784.9,2,464,"['SecureFD', 'AutoLoan', 'TravelCard']"
520,63,50573,544,15171.9,3,130,"['TravelCard', 'AutoLoan', 'GoldCard']"
521,69,98707,749,29612.1,1,581,['AutoLoan']
522,22,50933,546,15279.9,3,571,"['TravelCard', 'AutoLoan', 'SecureFD']"
523,29,25774,819,7732.2,3,581,"['TravelCard', 'AutoLoan']"
524,33,92055,440,27616.5,4,259,['HomeLoan']
525,43,30983,661,9294.9,4,223,"['TravelCard', 'GoldCard', 'AutoLoan']"
526,43,116468,307,34940.4,1,684,"['HomeLoan', 'SecureFD']"
527,65,116334,777,34900.2,3,27,"['HomeLoan', 'TravelCard', 'GoldCard']"
528,38,38133,651,11439.9,4,619,"['AutoLoan', 'HomeLoan']"
529,56,145555,794,43666.5,4,566,"['GoldCard', 'AutoLoan']"
530,53,34939,726,10481.7,3,67,"['HomeLoan', 'GoldCard']"
531,50,20781,338,6234.3,1,590,['HomeLoan']
532,47,134586,486,40375.8,3,689,"['GoldCard', 'HomeLoan', 'AutoLoan']"
533,54,76700,392,23010.0,4,241,"['GoldCard', 'AutoLoan']"
534,40,47624,385,14287.2,4,686,"['HomeLoan', 'GoldCard']"
535,27,26823,343,8046.9,4,457,"['AutoLoan', 'HomeLoan']"
536,22,38489,436,11546.7,1,179,"['TravelCard', 'SecureFD']"
537,53,138555,720,41566.5,2,485,['TravelCard']
538,51,59961,373,17988.3,4,18,"['SecureFD', 'GoldCard', 'TravelCard']"
539,69,139664,847,41899.2,4,491,"['HomeLoan', 'GoldCard']"
540,48,49118,811,14735.4,4,386,"['AutoLoan', 'HomeLoan', 'SecureFD']"
541,27,120417,455,36125.1,2,56,"['TravelCard', 'HomeLoan', 'SecureFD']"
542,36,101816,554,30544.8,4,182,['AutoLoan']
543,49,42263,470,12678.9,3,442,"['SecureFD', 'GoldCard', 'TravelCard']"
544,18,33565,469,10069.5,1,403,"['GoldCard', 'AutoLoan', 'SecureFD']"
545,22,40354,621,12106.2,4,126,"['GoldCard', 'TravelCard']"
546,62,62951,755,18885.3,3,113,"['AutoLoan', 'HomeLoan']"
547,21,111179,454,33353.7,3,345,"['HomeLoan', 'SecureFD', 'TravelCard']"
548,33,43648,648,13094.4,2,291,['GoldCard']
549,41,70729,750,21218.7,3,276,"['HomeLoan', 'SecureFD', 'AutoLoan']"
550,33,61971,472,18591.3,1,285,"['SecureFD', 'GoldCard', 'AutoLoan']"
551,19,38658,309,11597.4,4,22,"['TravelCard', 'HomeLoan']"
552,66,41253,564,12375.9,2,180,"['HomeLoan', 'GoldCard', 'TravelCard']"
553,45,84166,737,25249.8,1,358,"['TravelCard', 'SecureFD', 'HomeLoan']"
554,49,68563,546,20568.9,1,274,['TravelCard']
555,44,46390,845,13917.0,3,329,"['AutoLoan', 'HomeLoan']"
556,37,108664,798,32599.2,1,616,"['AutoLoan', 'GoldCard']"
557,41,71578,428,21473.4,3,112,"['AutoLoan', 'SecureFD']"
558,29,99025,626,29707.5,2,90,"['AutoLoan', 'HomeLoan', 'TravelCard']"
559,67,123850,703,37155.0,4,484,"['HomeLoan', 'TravelCard', 'GoldCard']"
560,52,52658,658,15797.4,1,265,"['GoldCard', 'SecureFD', 'HomeLoan']"
561,50,26852,316,8055.6,1,138,['TravelCard']
562,50,147282,573,44184.6,1,701,"['AutoLoan', 'HomeLoan']"
563,68,114986,415,34495.8,1,350,"['GoldCard', 'SecureFD', 'TravelCard']"
564,60,22551,390,6765.3,1,19,['SecureFD']
565,54,91947,381,27584.1,3,349,"['HomeLoan', 'SecureFD']"
566,29,81001,623,24300.3,2,253,"['GoldCard', 'HomeLoan']"
567,20,69159,413,20747.7,3,482,"['AutoLoan', 'TravelCard', 'SecureFD']"
568,18,142775,357,42832.5,1,561,['SecureFD']
569,50,71707,453,21512.1,2,679,"['TravelCard', 'SecureFD', 'AutoLoan']"
570,57,53243,703,15972.9,1,301,"['GoldCard', 'SecureFD', 'HomeLoan']"
571,27,41800,565,12540.0,3,395,['HomeLoan']
572,60,95939,614,28781.7,2,93,['AutoLoan']
573,61,77828,340,23348.4,4,341,['AutoLoan']
574,46,27239,404,8171.7,2,96,['HomeLoan']
575,30,26710,492,8013.0,2,505,"['TravelCard', 'GoldCard', 'AutoLoan']"
576,29,41384,700,12415.2,2,591,['GoldCard']
577,48,41038,577,12311.4,1,69,['HomeLoan']
578,63,60846,653,18253.8,4,514,"['TravelCard', 'HomeLoan', 'SecureFD']"
579,19,107983,555,32394.9,3,679,"['HomeLoan', 'TravelCard']"
580,68,87821,398,26346.3,2,636,"['SecureFD', 'HomeLoan']"
581,67,57991,581,17397.3,4,355,"['GoldCard', 'SecureFD', 'TravelCard']"
582,52,99057,702,29717.1,2,401,['HomeLoan']
583,40,133193,408,39957.9,2,477,['GoldCard']
584,34,26971,498,8091.3,3,435,"['HomeLoan', 'AutoLoan', 'GoldCard']"
585,43,49139,602,14741.7,4,412,"['TravelCard', 'HomeLoan']"
586,25,105445,626,31633.5,2,559,"['TravelCard', 'HomeLoan', 'GoldCard']"
587,46,97067,453,29120.1,2,503,['TravelCard']
588,43,100257,704,30077.1,1,132,"['SecureFD', 'GoldCard', 'HomeLoan']"
589,27,104742,761,31422.6,2,473,"['GoldCard', 'HomeLoan', 'SecureFD']"
590,43,57711,431,17313.3,3,57,"['HomeLoan', 'GoldCard', 'SecureFD']"
591,51,26530,383,7959.0,2,284,"['AutoLoan', 'GoldCard']"
592,68,31116,698,9334.8,3,451,"['HomeLoan', 'TravelCard']"
593,58,85794,408,25738.2,3,579,"['TravelCard', 'SecureFD', 'AutoLoan']"
594,24,20282,520,6084.6,3,263,['TravelCard']
595,21,99473,667,29841.9,3,655,"['HomeLoan', 'GoldCard', 'AutoLoan']"
596,67,21898,446,6569.4,2,502,"['SecureFD', 'AutoLoan']"
597,62,24135,411,7240.5,2,532,"['TravelCard', 'HomeLoan', 'GoldCard']"
598,28,26629,793,7988.7,3,657,"['AutoLoan', 'HomeLoan', 'SecureFD']"
599,46,129472,804,38841.6,3,354,"['TravelCard', 'AutoLoan']"
600,53,145147,774,43544.1,1,718,['AutoLoan']
601,42,105120,570,31536.0,4,520,"['TravelCard', 'GoldCard']"
602,38,139798,720,41939.4,4,370,"['SecureFD', 'HomeLoan']"
603,53,109087,666,32726.1,3,478,['SecureFD']
604,27,85031,579,25509.3,4,515,"['SecureFD', 'HomeLoan']"
605,54,53380,582,16014.0,4,151,"['AutoLoan', 'HomeLoan']"
606,26,149951,339,44985.3,1,288,['SecureFD']
607,41,132507,488,39752.1,4,486,['AutoLoan']
608,52,37071,463,11121.3,4,397,['HomeLoan']
609,66,40074,835,12022.2,4,159,['HomeLoan']
610,52,110724,835,33217.2,3,394,['SecureFD']
611,65,87843,303,26352.9,1,36,"['TravelCard', 'GoldCard']"
612,53,59901,589,17970.3,2,691,['AutoLoan']
613,35,31205,732,9361.5,4,424,['AutoLoan']
614,66,75661,770,22698.3,4,477,['AutoLoan']
615,56,144661,480,43398.3,3,289,"['SecureFD', 'AutoLoan', 'GoldCard']"
616,49,25906,547,7771.8,2,614,"['HomeLoan', 'SecureFD']"
617,41,22591,578,6777.3,1,260,['GoldCard']
618,40,145576,553,43672.8,4,517,"['TravelCard', 'SecureFD']"
619,49,82987,480,24896.1,1,619,"['TravelCard', 'AutoLoan', 'GoldCard']"
620,54,83370,808,25011.0,2,198,['GoldCard']
621,29,100685,625,30205.5,1,192,"['TravelCard', 'GoldCard']"
622,66,130454,656,39136.2,3,570,['HomeLoan']
623,30,125487,690,37646.1,3,53,"['SecureFD', 'GoldCard']"
624,40,74400,384,22320.0,1,666,['SecureFD']
625,42,45150,616,13545.0,3,722,['GoldCard']
626,52,51852,511,15555.6,1,676,"['AutoLoan', 'GoldCard', 'TravelCard']"
627,58,62870,814,18861.0,3,349,['TravelCard']
628,47,139796,683,41938.8,2,278,"['GoldCard', 'SecureFD']"
629,34,72756,641,21826.8,1,196,"['SecureFD', 'GoldCard']"
630,66,135357,337,40607.1,1,60,"['GoldCard', 'AutoLoan', 'SecureFD']"
631,37,139052,810,41715.6,4,648,"['HomeLoan', 'SecureFD']"
632,65,76481,719,22944.3,2,188,"['AutoLoan', 'HomeLoan']"
633,42,21283,468,6384.9,4,318,['HomeLoan']
634,39,53691,642,16107.3,3,693,['TravelCard']
635,30,21125,605,6337.5,2,488,"['GoldCard', 'SecureFD']"
636,36,87065,841,26119.5,1,346,"['SecureFD', 'GoldCard', 'HomeLoan']"
637,66,148734,836,44620.2,4,147,"['AutoLoan', 'GoldCard', 'HomeLoan']"
638,53,46170,411,13851.0,3,708,"['HomeLoan', 'GoldCard']"
639,29,28438,710,8531.4,2,708,['TravelCard']
640,58,40095,505,12028.5,4,427,"['GoldCard', 'TravelCard']"
641,36,36154,484,10846.2,3,433,"['HomeLoan', 'GoldCard', 'TravelCard']"
642,29,28004,681,8401.2,1,488,"['SecureFD', 'AutoLoan', 'TravelCard']"
643,26,29752,795,8925.6,2,610,"['TravelCard', 'SecureFD']"
644,24,75426,678,22627.8,4,504,"['AutoLoan', 'GoldCard', 'TravelCard']"
645,45,128896,346,38668.8,4,88,"['GoldCard', 'HomeLoan', 'TravelCard']"
646,31,46819,827,14045.7,4,626,['AutoLoan']
647,48,122168,803,36650.4,4,393,"['SecureFD', 'GoldCard']"
648,69,112051,321,33615.3,3,109,"['AutoLoan', 'GoldCard', 'HomeLoan']"
649,36,147905,512,44371.5,1,377,"['TravelCard', 'HomeLoan']"
650,64,44217,609,13265.1,4,405,['TravelCard']
651,33,145949,571,43784.7,1,671,"['HomeLoan', 'GoldCard']"
652,22,108708,501,32612.4,2,652,['TravelCard']
653,52,52994,331,15898.2,4,552,"['SecureFD', 'TravelCard']"
654,29,35036,742,10510.8,2,281,['AutoLoan']
655,42,97275,461,29182.5,4,690,['GoldCard']
656,69,117756,553,35326.8,4,396,['AutoLoan']
657,38,69416,820,20824.8,3,617,"['SecureFD', 'GoldCard']"
658,53,29587,779,8876.1,4,176,"['SecureFD', 'HomeLoan']"
659,40,130053,309,39015.9,3,21,"['AutoLoan', 'GoldCard']"
660,33,115665,804,34699.5,1,445,"['TravelCard', 'AutoLoan']"
661,56,20645,735,6193.5,1,317,"['HomeLoan', 'TravelCard', 'SecureFD']"
662,62,50930,410,15279.0,1,608,['SecureFD']
663,59,101835,452,30550.5,2,91,['GoldCard']
664,56,142232,401,42669.6,1,633,"['GoldCard', 'HomeLoan']"
665,31,50090,490,15027.0,2,495,"['SecureFD', 'GoldCard', 'TravelCard']"
666,48,107489,380,32246.7,2,374,['SecureFD']
667,22,72142,788,21642.6,2,139,"['TravelCard', 'HomeLoan', 'SecureFD']"
668,52,131979,387,39593.7,2,226,['GoldCard']
669,40,46475,493,13942.5,4,539,['AutoLoan']
670,46,38888,403,11666.4,3,434,['TravelCard']
671,60,63732,395,19119.6,1,131,['GoldCard']
672,28,101623,722,30486.9,2,43,"['AutoLoan', 'GoldCard', 'SecureFD']"
673,35,66305,497,19891.5,1,434,['AutoLoan']
674,64,66037,300,19811.1,2,476,"['SecureFD', 'AutoLoan', 'GoldCard']"
675,29,29346,706,8803.8,1,425,"['HomeLoan', 'GoldCard', 'TravelCard']"
676,26,20587,677,6176.1,4,95,"['HomeLoan', 'GoldCard']"
677,27,32763,466,9828.9,3,83,['HomeLoan']
678,61,79165,808,23749.5,3,332,"['AutoLoan', 'TravelCard', 'HomeLoan']"
679,34,127481,612,38244.3,4,564,"['HomeLoan', 'AutoLoan']"
680,55,89615,717,26884.5,4,193,['AutoLoan']
681,24,56116,776,16834.8,4,289,"['HomeLoan', 'SecureFD']"
682,63,140987,372,42296.1,2,631,['AutoLoan']
683,30,105751,440,31725.3,4,692,['AutoLoan']
684,57,111353,561,33405.9,1,575,"['HomeLoan', 'AutoLoan']"
685,59,110301,639,33090.3,2,35,['SecureFD']
686,26,115648,607,34694.4,2,253,['GoldCard']
687,67,45556,544,13666.8,3,682,"['TravelCard', 'AutoLoan']"
688,44,79042,814,23712.6,4,136,['AutoLoan']
689,19,38099,636,11429.7,2,556,['TravelCard']
690,22,129089,375,38726.7,4,598,['HomeLoan']
691,46,65096,474,19528.8,2,266,['HomeLoan']
692,54,91986,408,27595.8,4,220,"['GoldCard', 'TravelCard']"
693,55,33230,482,9969.0,4,366,"['SecureFD', 'TravelCard', 'HomeLoan']"
694,36,49009,491,14702.7,1,108,"['SecureFD', 'GoldCard']"
695,25,90969,364,27290.7,3,64,['HomeLoan']
696,65,53866,773,16159.8,1,434,"['SecureFD', 'HomeLoan']"
697,62,125400,399,37620.0,4,435,"['SecureFD', 'TravelCard', 'HomeLoan']"
698,18,104246,843,31273.8,1,589,"['GoldCard', 'AutoLoan', 'HomeLoan']"
699,39,96975,427,29092.5,2,80,"['SecureFD', 'AutoLoan', 'TravelCard']"
700,69,61855,751,18556.5,1,552,['GoldCard']
701,34,101557,668,30467.1,1,60,"['TravelCard', 'HomeLoan']"
702,24,26416,342,7924.8,4,331,"['SecureFD', 'GoldCard', 'AutoLoan']"
703,42,92516,718,27754.8,1,202,"['SecureFD', 'TravelCard', 'GoldCard']"
704,62,75915,787,22774.5,2,435,"['GoldCard', 'HomeLoan']"
705,21,38058,377,11417.4,3,180,['HomeLoan']
706,53,96637,569,28991.1,4,283,['SecureFD']
707,23,60718,614,18215.4,1,322,"['HomeLoan', 'TravelCard']"
708,48,52602,467,15780.6,4,273,['AutoLoan']
709,36,94658,638,28397.4,4,435,['GoldCard']
710,61,98112,492,29433.6,4,492,"['HomeLoan', 'AutoLoan', 'SecureFD']"
711,56,78067,752,23420.1,1,214,"['GoldCard', 'SecureFD']"
712,44,47516,582,14254.8,1,75,"['HomeLoan', 'SecureFD', 'GoldCard']"
713,27,149295,635,44788.5,2,602,['HomeLoan']
714,43,107969,689,32390.7,3,326,"['HomeLoan', 'TravelCard']"
715,36,21089,824,6326.7,4,451,"['GoldCard', 'AutoLoan', 'SecureFD']"
716,56,57346,539,17203.8,2,407,"['GoldCard', 'HomeLoan', 'AutoLoan']"
717,20,94663,782,28398.9,3,689,['SecureFD']
718,62,30487,757,9146.1,2,259,['SecureFD']
719,30,20155,388,6046.5,4,497,['HomeLoan']
720,67,143950,394,43185.0,4,184,"['GoldCard', 'AutoLoan', 'TravelCard']"
721,45,87494,751,26248.2,4,537,"['AutoLoan', 'SecureFD', 'TravelCard']"
722,37,96229,727,28868.7,1,307,"['AutoLoan', 'HomeLoan']"
723,45,124648,450,37394.4,4,315,"['SecureFD', 'TravelCard']"
724,25,58547,813,17564.1,1,333,"['GoldCard', 'HomeLoan', 'SecureFD']"
725,58,48795,675,14638.5,1,433,"['GoldCard', 'HomeLoan', 'SecureFD']"
726,56,75296,321,22588.8,2,695,"['AutoLoan', 'HomeLoan', 'GoldCard']"
727,18,41447,612,12434.1,1,376,['GoldCard']
728,20,56598,818,16979.4,1,312,"['TravelCard', 'HomeLoan']"
729,30,61814,505,18544.2,3,38,"['HomeLoan', 'TravelCard']"
730,45,110751,674,33225.3,1,316,"['HomeLoan', 'TravelCard', 'AutoLoan']"
731,66,145118,750,43535.4,2,433,"['HomeLoan', 'TravelCard']"
732,42,95330,478,28599.0,1,257,"['TravelCard', 'AutoLoan']"
733,50,141347,509,42404.1,2,549,"['TravelCard', 'SecureFD', 'GoldCard']"
734,55,118745,799,35623.5,3,230,"['AutoLoan', 'HomeLoan', 'SecureFD']"
735,23,107960,763,32388.0,3,455,['HomeLoan']
736,61,83278,423,24983.4,3,324,"['HomeLoan', 'AutoLoan', 'TravelCard']"
737,62,75077,412,22523.1,4,294,"['SecureFD', 'HomeLoan']"
738,49,132782,311,39834.6,3,580,['GoldCard']
739,62,142046,425,42613.8,4,399,['AutoLoan']
740,64,122932,630,36879.6,3,259,"['GoldCard', 'SecureFD']"
741,38,91906,582,27571.8,1,589,"['SecureFD', 'GoldCard', 'AutoLoan']"
742,33,29528,439,8858.4,3,667,"['TravelCard', 'AutoLoan']"
743,38,113812,700,34143.6,2,386,"['GoldCard', 'SecureFD']"
744,28,70100,396,21030.0,1,48,['SecureFD']
745,54,129869,816,38960.7,3,54,"['SecureFD', 'GoldCard']"
746,53,28179,368,8453.7,2,706,"['AutoLoan', 'HomeLoan', 'GoldCard']"
747,52,68781,417,20634.3,2,377,"['HomeLoan', 'TravelCard']"
748,36,75267,358,22580.1,4,677,"['SecureFD', 'HomeLoan']"
749,37,102379,332,30713.7,1,113,"['TravelCard', 'AutoLoan', 'GoldCard']"
750,35,43952,617,13185.6,1,13,"['TravelCard', 'AutoLoan', 'GoldCard']"
751,64,73798,349,22139.4,2,700,['GoldCard']
752,58,118696,788,35608.8,3,272,['GoldCard']
753,66,130434,318,39130.2,2,500,"['TravelCard', 'GoldCard', 'AutoLoan']"
754,31,70939,496,21281.7,3,712,"['TravelCard', 'AutoLoan']"
755,32,49516,749,14854.8,2,352,"['GoldCard', 'AutoLoan', 'HomeLoan']"
756,48,76526,751,22957.8,3,547,"['GoldCard', 'SecureFD', 'HomeLoan']"
757,18,30449,588,9134.7,3,656,['HomeLoan']
758,20,70290,440,21087.0,3,475,"['HomeLoan', 'AutoLoan', 'GoldCard']"
759,33,146688,383,44006.4,3,126,['SecureFD']
760,40,106661,690,31998.3,4,383,"['TravelCard', 'SecureFD', 'AutoLoan']"
761,28,92954,514,27886.2,2,173,['TravelCard']
762,29,42746,825,12823.8,1,529,"['TravelCard', 'HomeLoan', 'GoldCard']"
763,27,87990,514,26397.0,1,12,"['HomeLoan', 'GoldCard']"
764,49,78810,702,23643.0,2,73,['AutoLoan']
765,33,138362,427,41508.6,4,602,['SecureFD']
766,25,103297,776,30989.1,4,110,"['AutoLoan', 'TravelCard', 'SecureFD']"
767,55,35223,703,10566.9,2,493,"['TravelCard', 'GoldCard']"
768,29,92237,328,27671.1,2,654,"['GoldCard', 'HomeLoan']"
769,41,22597,637,6779.1,2,379,"['TravelCard', 'GoldCard', 'HomeLoan']"
770,45,85677,660,25703.1,1,651,"['AutoLoan', 'SecureFD', 'HomeLoan']"
771,25,22659,691,6797.7,3,294,"['AutoLoan', 'TravelCard']"
772,45,106516,517,31954.8,2,618,"['AutoLoan', 'TravelCard', 'GoldCard']"
773,53,94567,501,28370.1,2,168,"['AutoLoan', 'GoldCard']"
774,43,35037,316,10511.1,3,325,"['SecureFD', 'HomeLoan']"
775,25,146498,621,43949.4,3,64,"['AutoLoan', 'GoldCard']"
776,67,66738,817,20021.4,1,293,['AutoLoan']
777,45,123965,624,37189.5,2,724,"['HomeLoan', 'SecureFD']"
778,45,91678,711,27503.4,4,687,"['HomeLoan', 'SecureFD', 'TravelCard']"
779,54,32109,617,9632.7,1,246,['TravelCard']
780,58,42010,381,12603.0,2,437,['GoldCard']
781,53,28787,773,8636.1,4,123,"['GoldCard', 'HomeLoan', 'AutoLoan']"
782,44,128400,767,38520.0,3,265,"['SecureFD', 'HomeLoan', 'TravelCard']"
783,34,28472,724,8541.6,1,370,"['HomeLoan', 'GoldCard', 'SecureFD']"
784,26,135111,503,40533.3,3,217,"['HomeLoan', 'AutoLoan']"
785,50,43383,686,13014.9,1,64,"['TravelCard', 'AutoLoan']"
786,37,81709,397,24512.7,2,218,"['TravelCard', 'AutoLoan']"
787,30,89785,644,26935.5,2,201,['TravelCard']
788,45,133253,507,39975.9,3,107,['HomeLoan']
789,65,54518,813,16355.4,4,244,['AutoLoan']
790,46,73909,465,22172.7,3,607,"['GoldCard', 'TravelCard']"
791,30,38351,321,11505.3,4,447,"['HomeLoan', 'GoldCard']"
792,63,89624,453,26887.2,3,338,"['AutoLoan', 'HomeLoan', 'SecureFD']"
793,52,73330,738,21999.0,4,54,"['SecureFD', 'HomeLoan', 'TravelCard']"
794,23,142477,594,42743.1,2,668,['SecureFD']
795,35,35282,518,10584.6,3,522,"['AutoLoan', 'TravelCard']"
796,68,104866,794,31459.8,2,290,"['TravelCard', 'GoldCard', 'HomeLoan']"
797,22,127945,529,38383.5,2,133,"['SecureFD', 'TravelCard', 'GoldCard']"
798,64,41778,319,12533.4,1,297,"['TravelCard', 'AutoLoan']"
799,42,44264,447,13279.2,1,664,"['TravelCard', 'GoldCard']"
800,19,79675,407,23902.5,3,693,['AutoLoan']
801,27,25075,702,7522.5,4,133,['TravelCard']
802,47,95948,782,28784.4,3,480,"['TravelCard', 'AutoLoan', 'HomeLoan']"
803,67,68454,666,20536.2,3,73,"['GoldCard', 'SecureFD']"
804,62,48365,713,14509.5,2,647,['AutoLoan']
805,22,92766,608,27829.8,4,723,"['AutoLoan', 'TravelCard']"
806,50,68200,433,20460.0,4,592,['TravelCard']
807,18,31002,582,9300.6,2,43,"['TravelCard', 'HomeLoan']"
808,35,33947,372,10184.1,2,472,['SecureFD']
809,49,99222,780,29766.6,2,302,['AutoLoan']
810,64,114840,651,34452.0,2,70,['AutoLoan']
811,66,136219,625,40865.7,2,536,"['TravelCard', 'SecureFD', 'GoldCard']"
812,28,98610,742,29583.0,2,135,"['SecureFD', 'TravelCard']"
813,38,72142,399,21642.6,1,697,['GoldCard']
814,43,76307,358,22892.1,3,718,"['HomeLoan', 'AutoLoan', 'GoldCard']"
815,42,24493,807,7347.9,2,111,"['AutoLoan', 'GoldCard', 'TravelCard']"
816,39,144023,557,43206.9,1,607,"['AutoLoan', 'SecureFD']"
817,44,70085,712,21025.5,2,659,"['AutoLoan', 'TravelCard']"
818,66,54228,751,16268.4,1,51,['GoldCard']
819,30,99676,364,29902.8,3,433,['SecureFD']
820,50,71875,453,21562.5,1,595,['AutoLoan']
821,51,51655,565,15496.5,2,689,"['AutoLoan', 'SecureFD', 'HomeLoan']"
822,58,63472,378,19041.6,3,222,['GoldCard']
823,52,69437,614,20831.1,1,275,"['SecureFD', 'GoldCard', 'AutoLoan']"
824,18,69416,547,20824.8,1,708,['HomeLoan']
825,38,79711,713,23913.3,3,50,"['AutoLoan', 'TravelCard']"
826,65,26816,324,8044.8,1,433,"['GoldCard', 'SecureFD']"
827,23,97175,583,29152.5,4,598,"['GoldCard', 'TravelCard']"
828,45,84307,748,25292.1,2,286,['GoldCard']
829,34,132728,600,39818.4,1,440,['AutoLoan']
830,22,66733,367,20019.9,1,284,"['TravelCard', 'AutoLoan', 'HomeLoan']"
831,48,148202,306,44460.6,3,615,"['TravelCard', 'GoldCard', 'SecureFD']"
832,22,115028,436,34508.4,2,25,"['SecureFD', 'GoldCard']"
833,55,136450,463,40935.0,4,682,"['SecureFD', 'AutoLoan', 'TravelCard']"
834,20,31240,382,9372.0,2,644,"['AutoLoan', 'HomeLoan', 'TravelCard']"
835,40,118234,719,35470.2,3,314,"['AutoLoan', 'TravelCard', 'SecureFD']"
836,54,112493,372,33747.9,1,595,['HomeLoan']
837,54,145149,536,43544.7,3,398,"['SecureFD', 'AutoLoan', 'HomeLoan']"
838,27,118344,345,35503.2,2,64,"['TravelCard', 'AutoLoan']"
839,27,91363,561,27408.9,4,294,['GoldCard']
840,36,52762,475,15828.6,2,259,"['TravelCard', 'SecureFD']"
841,34,28259,465,8477.7,3,329,"['HomeLoan', 'AutoLoan', 'TravelCard']"
842,38,70139,669,21041.7,1,575,"['TravelCard', 'HomeLoan', 'GoldCard']"
843,31,148775,353,44632.5,3,57,"['HomeLoan', 'TravelCard']"
844,26,34849,718,10454.7,4,605,"['SecureFD', 'HomeLoan']"
845,63,101768,806,30530.4,2,250,"['SecureFD', 'TravelCard']"
846,18,126108,640,37832.4,2,288,"['AutoLoan', 'HomeLoan', 'GoldCard']"
847,68,109709,426,32912.7,4,283,"['GoldCard', 'TravelCard', 'AutoLoan']"
848,62,74869,708,22460.7,1,499,['TravelCard']
849,30,146888,666,44066.4,4,541,"['SecureFD', 'HomeLoan', 'GoldCard']"
850,21,83095,570,24928.5,4,209,"['AutoLoan', 'GoldCard']"
851,18,137886,678,41365.8,1,425,"['AutoLoan', 'SecureFD']"
852,66,90910,372,27273.0,3,575,"['AutoLoan', 'HomeLoan', 'SecureFD']"
853,57,106710,547,32013.0,3,33,['GoldCard']
854,49,43567,342,13070.1,4,408,"['GoldCard', 'TravelCard']"
855,51,55292,676,16587.6,2,390,"['TravelCard', 'AutoLoan']"
856,45,94813,340,28443.9,1,323,['TravelCard']
857,48,117136,469,35140.8,2,576,"['AutoLoan', 'TravelCard', 'SecureFD']"
858,25,71631,511,21489.3,2,366,"['HomeLoan', 'TravelCard', 'SecureFD']"
859,56,29885,792,8965.5,3,536,['SecureFD']
860,43,79659,338,23897.7,4,176,"['HomeLoan', 'SecureFD']"
861,51,74306,668,22291.8,4,45,['AutoLoan']
862,20,86314,450,25894.2,3,375,"['AutoLoan', 'SecureFD', 'TravelCard']"
863,67,85087,410,25526.1,3,587,['HomeLoan']
864,29,49165,779,14749.5,1,697,"['GoldCard', 'SecureFD', 'TravelCard']"
865,18,78929,735,23678.7,1,307,"['AutoLoan', 'GoldCard']"
866,61,87028,346,26108.4,4,134,"['GoldCard', 'SecureFD']"
867,22,115998,665,34799.4,1,647,['AutoLoan']
868,47,69812,368,20943.6,4,131,"['HomeLoan', 'TravelCard', 'SecureFD']"
869,47,70500,598,21150.0,3,306,['TravelCard']
870,34,99151,595,29745.3,4,458,"['GoldCard', 'AutoLoan', 'TravelCard']"
871,65,78643,502,23592.9,1,484,"['SecureFD', 'GoldCard']"
872,64,64900,360,19470.0,3,32,"['GoldCard', 'HomeLoan']"
873,40,62946,613,18883.8,3,702,"['HomeLoan', 'SecureFD', 'AutoLoan']"
874,32,27851,460,8355.3,1,462,['TravelCard']
875,54,36288,630,10886.4,2,169,"['GoldCard', 'TravelCard']"
876,38,92692,827,27807.6,3,576,['HomeLoan']
877,31,87580,637,26274.0,1,96,"['GoldCard', 'HomeLoan']"
878,19,27368,603,8210.4,4,414,['TravelCard']
879,28,105436,802,31630.8,1,434,['SecureFD']
880,68,116136,637,34840.8,2,289,"['TravelCard', 'AutoLoan']"
881,56,66403,849,19920.9,2,429,['AutoLoan']
882,55,111170,574,33351.0,3,670,"['SecureFD', 'GoldCard']"
883,51,29168,463,8750.4,3,152,['AutoLoan']
884,55,106497,742,31949.1,1,576,"['TravelCard', 'GoldCard']"
885,67,69879,618,20963.7,4,313,"['SecureFD', 'GoldCard', 'TravelCard']"
886,51,79871,803,23961.3,1,123,"['HomeLoan', 'TravelCard']"
887,35,129632,686,38889.6,3,720,"['AutoLoan', 'TravelCard', 'GoldCard']"
888,47,131623,793,39486.9,3,57,"['HomeLoan', 'TravelCard']"
889,32,109388,789,32816.4,4,628,['TravelCard']
890,44,118646,372,35593.8,2,13,"['SecureFD', 'AutoLoan', 'GoldCard']"
891,68,52174,808,15652.2,4,78,"['GoldCard', 'TravelCard']"
892,51,119751,689,35925.3,3,323,"['TravelCard', 'GoldCard']"
893,69,112491,594,33747.3,3,372,"['TravelCard', 'GoldCard']"
894,55,26581,668,7974.3,4,362,['TravelCard']
895,50,130155,848,39046.5,3,410,"['HomeLoan', 'TravelCard', 'SecureFD']"
896,41,91853,486,27555.9,4,174,"['SecureFD', 'TravelCard', 'AutoLoan']"
897,32,84046,744,25213.8,4,29,"['TravelCard', 'GoldCard']"
898,47,69678,662,20903.4,3,403,"['SecureFD', 'AutoLoan']"
899,59,128392,422,38517.6,2,716,"['TravelCard', 'AutoLoan', 'GoldCard']"
900,68,131250,487,39375.0,4,533,"['SecureFD', 'GoldCard']"
901,34,46649,719,13994.7,3,531,"['GoldCard', 'HomeLoan']"
902,22,147795,551,44338.5,4,494,['GoldCard']
903,46,108668,848,32600.4,3,68,['AutoLoan']
904,21,102325,634,30697.5,3,460,['SecureFD']
905,27,34567,391,10370.1,2,478,['GoldCard']
906,34,100404,829,30121.2,2,237,"['HomeLoan', 'AutoLoan']"
907,27,109906,362,32971.8,2,625,"['GoldCard', 'SecureFD']"
908,34,128069,811,38420.7,1,523,"['TravelCard', 'SecureFD', 'GoldCard']"
909,37,116019,438,34805.7,1,463,"['HomeLoan', 'GoldCard']"
910,41,81944,484,24583.2,2,166,"['AutoLoan', 'SecureFD']"
911,22,138428,504,41528.4,3,510,"['TravelCard', 'SecureFD', 'GoldCard']"
912,51,98002,513,29400.6,1,165,['AutoLoan']
913,23,48803,555,14640.9,4,211,"['GoldCard', 'TravelCard']"
914,19,38230,434,11469.0,4,60,"['HomeLoan', 'GoldCard']"
915,30,37862,387,11358.6,4,389,['AutoLoan']
916,60,63355,506,19006.5,2,719,"['HomeLoan', 'SecureFD']"
917,60,51259,428,15377.7,4,31,"['TravelCard', 'GoldCard', 'AutoLoan']"
918,65,119075,302,35722.5,2,50,['GoldCard']
919,28,107445,420,32233.5,4,440,"['AutoLoan', 'GoldCard']"
920,68,50795,684,15238.5,1,623,"['GoldCard', 'TravelCard']"
921,64,134604,337,40381.2,2,175,['HomeLoan']
922,40,28770,640,8631.0,4,716,"['SecureFD', 'GoldCard', 'HomeLoan']"
923,33,31093,320,9327.9,3,692,"['GoldCard', 'SecureFD', 'TravelCard']"
924,48,66571,541,19971.3,2,474,"['TravelCard', 'GoldCard']"
925,28,20193,754,6057.9,2,24,['HomeLoan']
926,33,120311,602,36093.3,1,248,['GoldCard']
927,25,37569,368,11270.7,2,454,"['SecureFD', 'HomeLoan']"
928,21,137082,428,41124.6,4,154,"['GoldCard', 'HomeLoan', 'SecureFD']"
929,57,31190,495,9357.0,1,709,['HomeLoan']
930,21,82824,439,24847.2,4,543,['HomeLoan']
931,42,62752,743,18825.6,2,47,"['TravelCard', 'AutoLoan', 'SecureFD']"
932,20,52327,582,15698.1,3,173,"['GoldCard', 'TravelCard']"
933,49,62070,611,18621.0,1,71,"['TravelCard', 'SecureFD']"
934,20,105925,834,31777.5,2,281,"['SecureFD', 'AutoLoan', 'GoldCard']"
935,44,60197,576,18059.1,4,189,['HomeLoan']
936,46,22261,360,6678.3,4,153,"['TravelCard', 'SecureFD']"
937,49,138424,618,41527.2,1,43,['GoldCard']
938,67,113905,351,34171.5,4,569,"['SecureFD', 'TravelCard']"
939,68,46512,452,13953.6,3,120,"['TravelCard', 'AutoLoan', 'HomeLoan']"
940,36,26716,610,8014.8,2,257,['AutoLoan']
941,38,106795,843,32038.5,4,25,['GoldCard']
942,22,48933,688,14679.9,1,340,"['TravelCard', 'SecureFD', 'HomeLoan']"
943,35,127225,847,38167.5,2,64,['HomeLoan']
944,45,24378,476,7313.4,3,698,"['TravelCard', 'GoldCard']"
945,59,60583,661,18174.9,2,213,"['TravelCard', 'GoldCard']"
946,39,132082,613,39624.6,3,526,['GoldCard']
947,38,105371,396,31611.3,1,664,"['SecureFD', 'TravelCard', 'GoldCard']"
948,23,49033,512,14709.9,2,464,"['AutoLoan', 'GoldCard', 'SecureFD']"
949,18,44000,436,13200.0,1,405,['GoldCard']
950,22,131032,305,39309.6,1,691,"['SecureFD', 'HomeLoan', 'GoldCard']"
951,58,95868,408,28760.4,4,475,['GoldCard']
952,29,62604,846,18781.2,3,414,"['SecureFD', 'AutoLoan']"
953,43,88336,338,26500.8,1,528,"['SecureFD', 'GoldCard']"
954,63,115074,724,34522.2,3,43,['SecureFD']
955,51,115655,560,34696.5,1,126,"['HomeLoan', 'SecureFD', 'AutoLoan']"
956,66,93869,725,28160.7,3,315,"['AutoLoan', 'TravelCard', 'GoldCard']"
957,31,25410,386,7623.0,3,145,"['HomeLoan', 'AutoLoan']"
958,43,103375,764,31012.5,2,437,"['SecureFD', 'HomeLoan', 'GoldCard']"
959,62,76044,375,22813.2,1,532,['TravelCard']
960,44,83315,770,24994.5,4,210,"['SecureFD', 'GoldCard', 'HomeLoan']"
961,26,116055,713,34816.5,3,102,"['AutoLoan', 'TravelCard', 'GoldCard']"
962,43,91344,756,27403.2,1,465,"['TravelCard', 'HomeLoan', 'SecureFD']"
963,64,26796,584,8038.8,2,412,"['HomeLoan', 'GoldCard']"
964,39,106716,538,32014.8,1,483,"['AutoLoan', 'GoldCard']"
965,64,74245,671,22273.5,1,679,"['AutoLoan', 'GoldCard', 'TravelCard']"
966,47,63056,794,18916.8,4,424,['GoldCard']
967,60,37709,344,11312.7,4,252,"['GoldCard', 'SecureFD']"
968,65,139664,700,41899.2,1,23,['TravelCard']
969,34,78557,546,23567.1,3,309,['HomeLoan']
970,43,37543,749,11262.9,4,496,"['AutoLoan', 'TravelCard']"
971,53,57418,784,17225.4,4,535,['HomeLoan']
972,18,114611,317,34383.3,3,526,"['GoldCard', 'HomeLoan', 'SecureFD']"
973,25,123291,588,36987.3,2,297,['GoldCard']
974,66,133504,713,40051.2,1,254,"['AutoLoan', 'HomeLoan']"
975,52,123001,534,36900.3,2,687,"['HomeLoan', 'GoldCard']"
976,69,116038,715,34811.4,1,149,['GoldCard']
977,32,36724,798,11017.2,4,704,"['HomeLoan', 'AutoLoan']"
978,64,23828,414,7148.4,2,11,"['SecureFD', 'AutoLoan', 'TravelCard']"
979,39,136656,533,40996.8,2,716,"['TravelCard', 'GoldCard']"
980,31,37087,839,11126.1,2,128,['AutoLoan']
981,43,32605,310,9781.5,4,591,['AutoLoan']
982,45,51337,505,15401.1,4,289,"['HomeLoan', 'TravelCard']"
983,40,25482,546,7644.6,2,586,"['TravelCard', 'AutoLoan', 'SecureFD']"
984,31,85333,426,25599.9,2,560,"['TravelCard', 'HomeLoan', 'SecureFD']"
985,41,112541,446,33762.3,2,366,"['HomeLoan', 'TravelCard']"
986,19,108296,417,32488.8,1,517,['SecureFD']
987,62,70952,681,21285.6,1,531,"['HomeLoan', 'SecureFD']"
988,43,25463,711,7638.9,2,584,"['AutoLoan', 'SecureFD', 'GoldCard']"
989,31,132164,662,39649.2,3,394,['HomeLoan']
990,68,90448,808,27134.4,2,378,"['TravelCard', 'HomeLoan']"
991,24,24648,436,7394.4,3,252,"['TravelCard', 'AutoLoan', 'GoldCard']"
992,20,53623,474,16086.9,1,91,"['TravelCard', 'AutoLoan', 'GoldCard']"
993,64,79156,588,23746.8,1,237,['GoldCard']
994,40,55634,780,16690.2,2,70,"['GoldCard', 'AutoLoan']"
995,63,64602,318,19380.6,2,504,['GoldCard']
996,60,134598,494,40379.4,3,191,"['HomeLoan', 'SecureFD']"
997,64,69334,629,20800.2,2,312,['HomeLoan']
998,62,88648,474,26594.4,2,400,"['HomeLoan', 'TravelCard', 'AutoLoan']"
999,35,42054,748,12616.2,2,43,"['GoldCard', 'AutoLoan']"
1000,55,90028,653,27008.4,3,648,"['SecureFD', 'GoldCard']"
